{"cameraMode":{"drawMode":0,"name":"Shaded","section":"Shading Mode"},"sceneLighting":true,"audioPlay":false,"sceneViewState":{"showFog":true,"showMaterialUpdate":false,"showSkybox":true,"showFlares":true,"showImageEffects":true,"showParticleSystems":true},"in2DMode":false,"pivot":{"x":-21.151456832885743,"y":2.592050075531006,"z":-10.754210472106934},"rotation":{"x":-0.048678476363420489,"y":-0.7064818143844605,"z":-0.04882477968931198,"w":0.704365611076355},"size":26.10382652282715,"orthographic":false}